{
  "best_scale": 100000.0,
  "final_values": {
    "m_bar": 0.011246113683185241,
    "error_percent": 99.99975086146029,
    "alpha_em": 0.019582939052632423,
    "R_mem": 3.9861225493680406e-07
  }
}