{
  "electron": {
    "N": 111,
    "p": 1,
    "q": 1,
    "nu": 0.5257311121191336,
    "C": 0.8995070326583248,
    "calculated_MeV": 0.28972695207899374,
    "actual_MeV": 0.51099895,
    "error_percent": 43.301849822001834
  },
  "muon": {
    "N": 99,
    "p": 1,
    "q": 1,
    "nu": 0.5257311121191336,
    "C": 0.5375696905906497,
    "calculated_MeV": 66.80432974041037,
    "actual_MeV": 105.6583755,
    "error_percent": 36.773275734860825
  },
  "tau": {
    "N": 94,
    "p": 1,
    "q": 1,
    "nu": 0.5257311121191336,
    "C": 0.3842505721312232,
    "calculated_MeV": 518.1739227081315,
    "actual_MeV": 1776.86,
    "error_percent": 70.83766179056698
  },
  "up": {
    "N": 110,
    "p": 1,
    "q": 1,
    "nu": 0.5257311121191336,
    "C": 0.25003682461385107,
    "calculated_MeV": 0.1327461643973301,
    "actual_MeV": 2.16,
    "error_percent": 93.85434424086435
  },
  "down": {
    "N": 105,
    "p": 1,
    "q": 1,
    "nu": 0.5257311121191336,
    "C": 0.4033559430732776,
    "calculated_MeV": 2.5859918652815095,
    "actual_MeV": 4.67,
    "error_percent": 44.62544185692699
  },
  "strange": {
    "N": 102,
    "p": 1,
    "q": 1,
    "nu": 0.5257311121191336,
    "C": 0.2894941457981262,
    "calculated_MeV": 8.262829250655427,
    "actual_MeV": 93,
    "error_percent": 91.11523736488664
  },
  "charm": {
    "N": 97,
    "p": 1,
    "q": 1,
    "nu": 0.5257311121191336,
    "C": 0.3085995167401806,
    "calculated_MeV": 99.69179317252943,
    "actual_MeV": 1270,
    "error_percent": 92.15025250610005
  },
  "bottom": {
    "N": 89,
    "p": 1,
    "q": 1,
    "nu": 0.5257311121191336,
    "C": 0.23093145367179668,
    "calculated_MeV": 3961.2250673592325,
    "actual_MeV": 4180,
    "error_percent": 5.233850063176256
  },
  "top": {
    "N": 81,
    "p": 1,
    "q": 1,
    "nu": 0.5257311121191336,
    "C": 0.3256878800048937,
    "calculated_MeV": 238860.4030423808,
    "actual_MeV": 172760,
    "error_percent": 38.261404863614736
  }
}