{
  "electron": {
    "N": 111,
    "p": -1,
    "q": 1,
    "nu": 0.5257311121191336,
    "C": 0.8995070326583249,
    "mass_estimate": 0.4377567992930169,
    "resonance_k": 42
  },
  "muon": {
    "N": 99,
    "p": -1,
    "q": 1,
    "nu": 0.5257311121191336,
    "C": 0.5375696905906499,
    "mass_estimate": 84.23930873443358,
    "resonance_k": 38
  },
  "tau": {
    "N": 94,
    "p": -1,
    "q": 1,
    "nu": 0.5257311121191336,
    "C": 0.38425057213122327,
    "mass_estimate": 667.7789796812718,
    "resonance_k": 36
  },
  "up": {
    "N": 110,
    "p": 0,
    "q": 1,
    "nu": 1.0,
    "C": 0.5464878213827521,
    "mass_estimate": 0.4303248890451435,
    "resonance_k": 42
  },
  "down": {
    "N": 105,
    "p": 0,
    "q": 1,
    "nu": 1.0,
    "C": 0.6934464644929477,
    "mass_estimate": 6.055738553232373,
    "resonance_k": 40
  },
  "strange": {
    "N": 102,
    "p": 0,
    "q": 1,
    "nu": 1.0,
    "C": 0.584308247434437,
    "mass_estimate": 21.615192906226266,
    "resonance_k": 39
  },
  "charm": {
    "N": 97,
    "p": 0,
    "q": 1,
    "nu": 1.0,
    "C": 0.6026210281102812,
    "mass_estimate": 247.22909706201435,
    "resonance_k": 37
  },
  "bottom": {
    "N": 89,
    "p": 0,
    "q": 1,
    "nu": 1.0,
    "C": 0.5281750407069078,
    "mass_estimate": 10179.684008789536,
    "resonance_k": 34
  },
  "top": {
    "N": 81,
    "p": 0,
    "q": 1,
    "nu": 1.0,
    "C": 0.6190004770895742,
    "mass_estimate": 560465.0406767471,
    "resonance_k": 31
  }
}