{
  "lambda_rec_over_beta": {
    "from_theory_doc": 0.51097951228961,
    "our_guess": 6.713523824837043,
    "ratio": 0.07611196826310704
  },
  "electron": {
    "with_theory": {
      "m_MeV": 0.03897721256315001,
      "error_%": -92.37234978457016
    },
    "with_guess": {
      "m_MeV": 0.5121035949091731,
      "error_%": 0.21617348092037467
    }
  },
  "muon": {
    "with_theory": {
      "m_MeV": 8.499034577670876,
      "error_%": -91.95611844546022
    },
    "with_guess": {
      "m_MeV": 111.66489018246196,
      "error_%": 5.684844816170733
    }
  },
  "tau": {
    "with_theory": {
      "m_MeV": 150.4832791733969,
      "error_%": -91.53094339602463
    },
    "with_guess": {
      "m_MeV": 1977.130306934121,
      "error_%": 11.27102343089051
    }
  },
  "avg_error": {
    "with_theory": 91.953137208685,
    "with_guess": 5.724013909327206
  }
}