{
  "QED_EW_parameters": {
    "alpha": 0.007297352564331425,
    "M_Z_MeV": 91187.6,
    "sin2_theta_W": 0.23122
  },
  "electron": {
    "m_theory_MeV": 0.5121035949091731,
    "Delta_QED": -0.0011614097320976644,
    "Delta_EW": 0.06072714502630227,
    "error_%": 0.21617348092037467
  },
  "muon": {
    "m_bare_MeV": 111.66489018246196,
    "m_corrected_MeV": 113.83453508716056,
    "Delta_QED": -0.014249871819065745,
    "Delta_EW": 0.033679836789732666,
    "error_bare_%": 5.684844816170733,
    "error_corrected_%": 7.7382976488793,
    "improvement": -2.053452832708567
  },
  "tau": {
    "m_bare_MeV": 1977.130306934121,
    "m_corrected_MeV": 1973.8065973499213,
    "Delta_QED": -0.02092542127941511,
    "Delta_EW": 0.0192443436222961,
    "error_bare_%": 11.27102343089051,
    "error_corrected_%": 11.083968199516075,
    "improvement": 0.18705523137443592
  },
  "grade": "A-",
  "max_error_%": 11.083968199516075,
  "avg_error_%": 6.34614644310525
}