{
  "lambda_rec_over_beta_0_required": "6.6990422719693993250124503419849058643376118799542",
  "lambda_rec_over_beta_0_required_float": 6.699042271969399,
  "ratios": {
    "to_pi": 2.132371383130982,
    "to_phi": 4.1402358161494055,
    "to_e": 2.464439927395972
  },
  "best_natural_expression": {
    "expression": "\u03c0\u00b7e/\u221a\u03c6",
    "value": "6.7135238248370429271141003674722601784780089871326",
    "error_percent": 0.21617348092037467
  },
  "all_tested_expressions": {
    "\u03c0\u00b7e/\u221a\u03c6": {
      "value": 6.713523824837043,
      "error_%": 0.21617348092037467
    },
    "2\u03c0": {
      "value": 6.283185307179586,
      "error_%": 6.207707727563843
    },
    "\u03c6\u00b2\u00b7e": {
      "value": 7.116554217906992,
      "error_%": 6.232412470131364
    },
    "\u03c0\u00b2/\u03c6": {
      "value": 6.0997509753887735,
      "error_%": 8.94592498823634
    },
    "\u03c6\u00b7\u03c0\u00b2/e": {
      "value": 5.874797531766943,
      "error_%": 12.3039190788707
    },
    "e\u00b7\u221a(\u03c0\u00b7\u03c6\u00b2)": {
      "value": 7.795734834008418,
      "error_%": 16.370885829872673
    },
    "\u03c0^(3/2)": {
      "value": 5.568327996831708,
      "error_%": 16.87874518823243
    },
    "\u03c0\u00b7\u221a\u03c0": {
      "value": 5.568327996831708,
      "error_%": 16.87874518823243
    },
    "\u03c0\u00b7e/\u03c6": {
      "value": 5.277846004502927,
      "error_%": 21.2149171443975
    },
    "\u03c0\u00b7\u221ae": {
      "value": 5.179610631848751,
      "error_%": 22.681326351355626
    }
  }
}