{
  "timestamp_utc": "2026-03-04T20:03:20.958719+00:00",
  "diagnostic_type": "full_ode_backed",
  "theta0": [
    1.0,
    0.51097951228961,
    0.1,
    1.22,
    0.0
  ],
  "baseline_observables": [
    1.5523044874118924e-08,
    0.9893711308044637,
    0.00033108031103231333,
    180.0,
    3.678375481230966e-05,
    959.1558504915486,
    6.12e-10
  ],
  "jacobian_shape": [
    7,
    5
  ],
  "jacobian_rank": 2,
  "jacobian_rank_full": false,
  "singular_values": [
    0.32715749487710455,
    0.00036783754786366235,
    1.3450013125194272e-09,
    1.4484970000687166e-18,
    0.0
  ],
  "condition_number": 32715749487710.453,
  "global_degeneracy_found": false,
  "degeneracy_pair": {
    "i": null,
    "j": null,
    "normalized_distance": null,
    "theta_i": null,
    "theta_j": null,
    "obs_i": null,
    "obs_j": null
  },
  "reproducibility": {
    "script": "14_closure_identifiability.py",
    "seed": 42,
    "cache_size": 35
  },
  "observable_equivalence_thresholds": {
    "A_s": 2.5e-10,
    "n_s": 0.0042,
    "r": 0.005,
    "N": 1.0,
    "T_reh_proxy": 0.2,
    "z_rec_proxy": 25.0,
    "eta_B_proxy": 1.5e-10
  }
}